--
-- PostgreSQL database dump
--

-- Dumped from database version 14.11 (Ubuntu 14.11-0ubuntu0.22.04.1)
-- Dumped by pg_dump version 14.11 (Ubuntu 14.11-0ubuntu0.22.04.1)

SET statement_timeout = 0;
SET lock_timeout = 0;
SET idle_in_transaction_session_timeout = 0;
SET client_encoding = 'UTF8';
SET standard_conforming_strings = on;
SELECT pg_catalog.set_config('search_path', '', false);
SET check_function_bodies = false;
SET xmloption = content;
SET client_min_messages = warning;
SET row_security = off;

SET default_tablespace = '';

SET default_table_access_method = heap;

--
-- Name: auth_group; Type: TABLE; Schema: public; Owner: admin
--

CREATE TABLE public.auth_group (
    id integer NOT NULL,
    name character varying(150) NOT NULL
);


ALTER TABLE public.auth_group OWNER TO admin;

--
-- Name: auth_group_id_seq; Type: SEQUENCE; Schema: public; Owner: admin
--

ALTER TABLE public.auth_group ALTER COLUMN id ADD GENERATED BY DEFAULT AS IDENTITY (
    SEQUENCE NAME public.auth_group_id_seq
    START WITH 1
    INCREMENT BY 1
    NO MINVALUE
    NO MAXVALUE
    CACHE 1
);


--
-- Name: auth_group_permissions; Type: TABLE; Schema: public; Owner: admin
--

CREATE TABLE public.auth_group_permissions (
    id bigint NOT NULL,
    group_id integer NOT NULL,
    permission_id integer NOT NULL
);


ALTER TABLE public.auth_group_permissions OWNER TO admin;

--
-- Name: auth_group_permissions_id_seq; Type: SEQUENCE; Schema: public; Owner: admin
--

ALTER TABLE public.auth_group_permissions ALTER COLUMN id ADD GENERATED BY DEFAULT AS IDENTITY (
    SEQUENCE NAME public.auth_group_permissions_id_seq
    START WITH 1
    INCREMENT BY 1
    NO MINVALUE
    NO MAXVALUE
    CACHE 1
);


--
-- Name: auth_permission; Type: TABLE; Schema: public; Owner: admin
--

CREATE TABLE public.auth_permission (
    id integer NOT NULL,
    name character varying(255) NOT NULL,
    content_type_id integer NOT NULL,
    codename character varying(100) NOT NULL
);


ALTER TABLE public.auth_permission OWNER TO admin;

--
-- Name: auth_permission_id_seq; Type: SEQUENCE; Schema: public; Owner: admin
--

ALTER TABLE public.auth_permission ALTER COLUMN id ADD GENERATED BY DEFAULT AS IDENTITY (
    SEQUENCE NAME public.auth_permission_id_seq
    START WITH 1
    INCREMENT BY 1
    NO MINVALUE
    NO MAXVALUE
    CACHE 1
);


--
-- Name: authtoken_token; Type: TABLE; Schema: public; Owner: admin
--

CREATE TABLE public.authtoken_token (
    key character varying(40) NOT NULL,
    created timestamp with time zone NOT NULL,
    user_id bigint NOT NULL
);


ALTER TABLE public.authtoken_token OWNER TO admin;

--
-- Name: contest_platform_address; Type: TABLE; Schema: public; Owner: admin
--

CREATE TABLE public.contest_platform_address (
    id bigint NOT NULL,
    street character varying(50) NOT NULL,
    number character varying(10) NOT NULL,
    postal_code character varying(6) NOT NULL,
    city character varying(20) NOT NULL
);


ALTER TABLE public.contest_platform_address OWNER TO admin;

--
-- Name: contest_platform_address_id_seq; Type: SEQUENCE; Schema: public; Owner: admin
--

ALTER TABLE public.contest_platform_address ALTER COLUMN id ADD GENERATED BY DEFAULT AS IDENTITY (
    SEQUENCE NAME public.contest_platform_address_id_seq
    START WITH 1
    INCREMENT BY 1
    NO MINVALUE
    NO MAXVALUE
    CACHE 1
);


--
-- Name: contest_platform_contest; Type: TABLE; Schema: public; Owner: admin
--

CREATE TABLE public.contest_platform_contest (
    id bigint NOT NULL,
    title character varying(200) NOT NULL,
    description character varying(1800) NOT NULL,
    date_start date NOT NULL,
    date_end date NOT NULL,
    individual boolean NOT NULL,
    type character varying(50) NOT NULL,
    rules_pdf character varying(300),
    poster_img character varying(300),
    status character varying(20) NOT NULL
);


ALTER TABLE public.contest_platform_contest OWNER TO admin;

--
-- Name: contest_platform_contest_id_seq; Type: SEQUENCE; Schema: public; Owner: admin
--

ALTER TABLE public.contest_platform_contest ALTER COLUMN id ADD GENERATED BY DEFAULT AS IDENTITY (
    SEQUENCE NAME public.contest_platform_contest_id_seq
    START WITH 1
    INCREMENT BY 1
    NO MINVALUE
    NO MAXVALUE
    CACHE 1
);


--
-- Name: contest_platform_entry; Type: TABLE; Schema: public; Owner: admin
--

CREATE TABLE public.contest_platform_entry (
    id bigint NOT NULL,
    date_submitted date NOT NULL,
    email character varying(254),
    entry_title character varying(100) NOT NULL,
    entry_file character varying(300),
    contest_id bigint NOT NULL,
    user_id bigint,
    canceled boolean NOT NULL,
    favourite boolean NOT NULL
);


ALTER TABLE public.contest_platform_entry OWNER TO admin;

--
-- Name: contest_platform_entry_contestants; Type: TABLE; Schema: public; Owner: admin
--

CREATE TABLE public.contest_platform_entry_contestants (
    id bigint NOT NULL,
    entry_id bigint NOT NULL,
    person_id bigint NOT NULL
);


ALTER TABLE public.contest_platform_entry_contestants OWNER TO admin;

--
-- Name: contest_platform_entry_contestants_id_seq; Type: SEQUENCE; Schema: public; Owner: admin
--

ALTER TABLE public.contest_platform_entry_contestants ALTER COLUMN id ADD GENERATED BY DEFAULT AS IDENTITY (
    SEQUENCE NAME public.contest_platform_entry_contestants_id_seq
    START WITH 1
    INCREMENT BY 1
    NO MINVALUE
    NO MAXVALUE
    CACHE 1
);


--
-- Name: contest_platform_entry_id_seq; Type: SEQUENCE; Schema: public; Owner: admin
--

ALTER TABLE public.contest_platform_entry ALTER COLUMN id ADD GENERATED BY DEFAULT AS IDENTITY (
    SEQUENCE NAME public.contest_platform_entry_id_seq
    START WITH 1
    INCREMENT BY 1
    NO MINVALUE
    NO MAXVALUE
    CACHE 1
);


--
-- Name: contest_platform_grade; Type: TABLE; Schema: public; Owner: admin
--

CREATE TABLE public.contest_platform_grade (
    id bigint NOT NULL,
    value integer,
    description character varying(255) NOT NULL,
    entry_id bigint NOT NULL,
    criterion_id bigint NOT NULL
);


ALTER TABLE public.contest_platform_grade OWNER TO admin;

--
-- Name: contest_platform_grade_id_seq; Type: SEQUENCE; Schema: public; Owner: admin
--

ALTER TABLE public.contest_platform_grade ALTER COLUMN id ADD GENERATED BY DEFAULT AS IDENTITY (
    SEQUENCE NAME public.contest_platform_grade_id_seq
    START WITH 1
    INCREMENT BY 1
    NO MINVALUE
    NO MAXVALUE
    CACHE 1
);


--
-- Name: contest_platform_gradecriterion; Type: TABLE; Schema: public; Owner: admin
--

CREATE TABLE public.contest_platform_gradecriterion (
    id bigint NOT NULL,
    description character varying(500) NOT NULL,
    max_rating integer NOT NULL,
    contest_id bigint NOT NULL,
    user_id bigint
);


ALTER TABLE public.contest_platform_gradecriterion OWNER TO admin;

--
-- Name: contest_platform_gradecriterion_id_seq; Type: SEQUENCE; Schema: public; Owner: admin
--

ALTER TABLE public.contest_platform_gradecriterion ALTER COLUMN id ADD GENERATED BY DEFAULT AS IDENTITY (
    SEQUENCE NAME public.contest_platform_gradecriterion_id_seq
    START WITH 1
    INCREMENT BY 1
    NO MINVALUE
    NO MAXVALUE
    CACHE 1
);


--
-- Name: contest_platform_person; Type: TABLE; Schema: public; Owner: admin
--

CREATE TABLE public.contest_platform_person (
    id bigint NOT NULL,
    name character varying(20) NOT NULL,
    surname character varying(50) NOT NULL
);


ALTER TABLE public.contest_platform_person OWNER TO admin;

--
-- Name: contest_platform_person_id_seq; Type: SEQUENCE; Schema: public; Owner: admin
--

ALTER TABLE public.contest_platform_person ALTER COLUMN id ADD GENERATED BY DEFAULT AS IDENTITY (
    SEQUENCE NAME public.contest_platform_person_id_seq
    START WITH 1
    INCREMENT BY 1
    NO MINVALUE
    NO MAXVALUE
    CACHE 1
);


--
-- Name: contest_platform_school; Type: TABLE; Schema: public; Owner: admin
--

CREATE TABLE public.contest_platform_school (
    id bigint NOT NULL,
    name character varying(255) NOT NULL,
    street character varying(255) NOT NULL,
    building_number character varying(10) NOT NULL,
    apartment_number character varying(10),
    postal_code character varying(20) NOT NULL,
    city character varying(255) NOT NULL,
    phone character varying(20) NOT NULL,
    fax character varying(20),
    email character varying(254),
    website character varying(200),
    audience_status character varying(20) NOT NULL,
    institution_specifics character varying(255) NOT NULL,
    director_name character varying(255) NOT NULL
);


ALTER TABLE public.contest_platform_school OWNER TO admin;

--
-- Name: contest_platform_school_id_seq; Type: SEQUENCE; Schema: public; Owner: admin
--

ALTER TABLE public.contest_platform_school ALTER COLUMN id ADD GENERATED BY DEFAULT AS IDENTITY (
    SEQUENCE NAME public.contest_platform_school_id_seq
    START WITH 1
    INCREMENT BY 1
    NO MINVALUE
    NO MAXVALUE
    CACHE 1
);


--
-- Name: contest_platform_user; Type: TABLE; Schema: public; Owner: admin
--

CREATE TABLE public.contest_platform_user (
    id bigint NOT NULL,
    password character varying(128) NOT NULL,
    last_login timestamp with time zone,
    is_superuser boolean NOT NULL,
    username character varying(150) NOT NULL,
    first_name character varying(150) NOT NULL,
    last_name character varying(150) NOT NULL,
    email character varying(254) NOT NULL,
    is_staff boolean NOT NULL,
    is_active boolean NOT NULL,
    date_joined timestamp with time zone NOT NULL,
    is_jury boolean NOT NULL,
    is_coordinating_unit boolean NOT NULL,
    is_newsletter_subscribed boolean NOT NULL
);


ALTER TABLE public.contest_platform_user OWNER TO admin;

--
-- Name: contest_platform_user_groups; Type: TABLE; Schema: public; Owner: admin
--

CREATE TABLE public.contest_platform_user_groups (
    id bigint NOT NULL,
    user_id bigint NOT NULL,
    group_id integer NOT NULL
);


ALTER TABLE public.contest_platform_user_groups OWNER TO admin;

--
-- Name: contest_platform_user_groups_id_seq; Type: SEQUENCE; Schema: public; Owner: admin
--

ALTER TABLE public.contest_platform_user_groups ALTER COLUMN id ADD GENERATED BY DEFAULT AS IDENTITY (
    SEQUENCE NAME public.contest_platform_user_groups_id_seq
    START WITH 1
    INCREMENT BY 1
    NO MINVALUE
    NO MAXVALUE
    CACHE 1
);


--
-- Name: contest_platform_user_id_seq; Type: SEQUENCE; Schema: public; Owner: admin
--

ALTER TABLE public.contest_platform_user ALTER COLUMN id ADD GENERATED BY DEFAULT AS IDENTITY (
    SEQUENCE NAME public.contest_platform_user_id_seq
    START WITH 1
    INCREMENT BY 1
    NO MINVALUE
    NO MAXVALUE
    CACHE 1
);


--
-- Name: contest_platform_user_user_permissions; Type: TABLE; Schema: public; Owner: admin
--

CREATE TABLE public.contest_platform_user_user_permissions (
    id bigint NOT NULL,
    user_id bigint NOT NULL,
    permission_id integer NOT NULL
);


ALTER TABLE public.contest_platform_user_user_permissions OWNER TO admin;

--
-- Name: contest_platform_user_user_permissions_id_seq; Type: SEQUENCE; Schema: public; Owner: admin
--

ALTER TABLE public.contest_platform_user_user_permissions ALTER COLUMN id ADD GENERATED BY DEFAULT AS IDENTITY (
    SEQUENCE NAME public.contest_platform_user_user_permissions_id_seq
    START WITH 1
    INCREMENT BY 1
    NO MINVALUE
    NO MAXVALUE
    CACHE 1
);


--
-- Name: django_admin_log; Type: TABLE; Schema: public; Owner: admin
--

CREATE TABLE public.django_admin_log (
    id integer NOT NULL,
    action_time timestamp with time zone NOT NULL,
    object_id text,
    object_repr character varying(200) NOT NULL,
    action_flag smallint NOT NULL,
    change_message text NOT NULL,
    content_type_id integer,
    user_id bigint NOT NULL,
    CONSTRAINT django_admin_log_action_flag_check CHECK ((action_flag >= 0))
);


ALTER TABLE public.django_admin_log OWNER TO admin;

--
-- Name: django_admin_log_id_seq; Type: SEQUENCE; Schema: public; Owner: admin
--

ALTER TABLE public.django_admin_log ALTER COLUMN id ADD GENERATED BY DEFAULT AS IDENTITY (
    SEQUENCE NAME public.django_admin_log_id_seq
    START WITH 1
    INCREMENT BY 1
    NO MINVALUE
    NO MAXVALUE
    CACHE 1
);


--
-- Name: django_content_type; Type: TABLE; Schema: public; Owner: admin
--

CREATE TABLE public.django_content_type (
    id integer NOT NULL,
    app_label character varying(100) NOT NULL,
    model character varying(100) NOT NULL
);


ALTER TABLE public.django_content_type OWNER TO admin;

--
-- Name: django_content_type_id_seq; Type: SEQUENCE; Schema: public; Owner: admin
--

ALTER TABLE public.django_content_type ALTER COLUMN id ADD GENERATED BY DEFAULT AS IDENTITY (
    SEQUENCE NAME public.django_content_type_id_seq
    START WITH 1
    INCREMENT BY 1
    NO MINVALUE
    NO MAXVALUE
    CACHE 1
);


--
-- Name: django_dramatiq_task; Type: TABLE; Schema: public; Owner: admin
--

CREATE TABLE public.django_dramatiq_task (
    id uuid NOT NULL,
    status character varying(8) NOT NULL,
    created_at timestamp with time zone NOT NULL,
    updated_at timestamp with time zone NOT NULL,
    message_data bytea NOT NULL,
    actor_name character varying(300),
    queue_name character varying(100)
);


ALTER TABLE public.django_dramatiq_task OWNER TO admin;

--
-- Name: django_migrations; Type: TABLE; Schema: public; Owner: admin
--

CREATE TABLE public.django_migrations (
    id bigint NOT NULL,
    app character varying(255) NOT NULL,
    name character varying(255) NOT NULL,
    applied timestamp with time zone NOT NULL
);


ALTER TABLE public.django_migrations OWNER TO admin;

--
-- Name: django_migrations_id_seq; Type: SEQUENCE; Schema: public; Owner: admin
--

ALTER TABLE public.django_migrations ALTER COLUMN id ADD GENERATED BY DEFAULT AS IDENTITY (
    SEQUENCE NAME public.django_migrations_id_seq
    START WITH 1
    INCREMENT BY 1
    NO MINVALUE
    NO MAXVALUE
    CACHE 1
);


--
-- Name: django_session; Type: TABLE; Schema: public; Owner: admin
--

CREATE TABLE public.django_session (
    session_key character varying(40) NOT NULL,
    session_data text NOT NULL,
    expire_date timestamp with time zone NOT NULL
);


ALTER TABLE public.django_session OWNER TO admin;

--
-- Data for Name: auth_group; Type: TABLE DATA; Schema: public; Owner: admin
--

COPY public.auth_group (id, name) FROM stdin;
\.


--
-- Data for Name: auth_group_permissions; Type: TABLE DATA; Schema: public; Owner: admin
--

COPY public.auth_group_permissions (id, group_id, permission_id) FROM stdin;
\.


--
-- Data for Name: auth_permission; Type: TABLE DATA; Schema: public; Owner: admin
--

COPY public.auth_permission (id, name, content_type_id, codename) FROM stdin;
1	Can add log entry	1	add_logentry
2	Can change log entry	1	change_logentry
3	Can delete log entry	1	delete_logentry
4	Can view log entry	1	view_logentry
5	Can add permission	2	add_permission
6	Can change permission	2	change_permission
7	Can delete permission	2	delete_permission
8	Can view permission	2	view_permission
9	Can add group	3	add_group
10	Can change group	3	change_group
11	Can delete group	3	delete_group
12	Can view group	3	view_group
13	Can add content type	4	add_contenttype
14	Can change content type	4	change_contenttype
15	Can delete content type	4	delete_contenttype
16	Can view content type	4	view_contenttype
17	Can add session	5	add_session
18	Can change session	5	change_session
19	Can delete session	5	delete_session
20	Can view session	5	view_session
21	Can add Token	6	add_token
22	Can change Token	6	change_token
23	Can delete Token	6	delete_token
24	Can view Token	6	view_token
25	Can add Token	7	add_tokenproxy
26	Can change Token	7	change_tokenproxy
27	Can delete Token	7	delete_tokenproxy
28	Can view Token	7	view_tokenproxy
29	Can add task	8	add_task
30	Can change task	8	change_task
31	Can delete task	8	delete_task
32	Can view task	8	view_task
33	Can add address	9	add_address
34	Can change address	9	change_address
35	Can delete address	9	delete_address
36	Can view address	9	view_address
37	Can add contest	10	add_contest
38	Can change contest	10	change_contest
39	Can delete contest	10	delete_contest
40	Can view contest	10	view_contest
41	Can add person	11	add_person
42	Can change person	11	change_person
43	Can delete person	11	delete_person
44	Can view person	11	view_person
45	Can add user	12	add_user
46	Can change user	12	change_user
47	Can delete user	12	delete_user
48	Can view user	12	view_user
49	Can add entry	13	add_entry
50	Can change entry	13	change_entry
51	Can delete entry	13	delete_entry
52	Can view entry	13	view_entry
53	Can add grade criterion	14	add_gradecriterion
54	Can change grade criterion	14	change_gradecriterion
55	Can delete grade criterion	14	delete_gradecriterion
56	Can view grade criterion	14	view_gradecriterion
57	Can add grade	15	add_grade
58	Can change grade	15	change_grade
59	Can delete grade	15	delete_grade
60	Can view grade	15	view_grade
61	Can add school	16	add_school
62	Can change school	16	change_school
63	Can delete school	16	delete_school
64	Can view school	16	view_school
\.


--
-- Data for Name: authtoken_token; Type: TABLE DATA; Schema: public; Owner: admin
--

COPY public.authtoken_token (key, created, user_id) FROM stdin;
7f3c8cc3c5ee67ce95ff7e4042928cc47d071e62	2024-05-30 20:20:03.625161+02	2
\.


--
-- Data for Name: contest_platform_address; Type: TABLE DATA; Schema: public; Owner: admin
--

COPY public.contest_platform_address (id, street, number, postal_code, city) FROM stdin;
\.


--
-- Data for Name: contest_platform_contest; Type: TABLE DATA; Schema: public; Owner: admin
--

COPY public.contest_platform_contest (id, title, description, date_start, date_end, individual, type, rules_pdf, poster_img, status) FROM stdin;
1	Jesienna Kartka	Praca plastyczna z motywem liści	2024-05-30	2024-07-19	f	plastyczne	\N	\N	ongoing
2	Życzenia urodzinowe	kartka urodzinowa z motywem kotków	2024-05-30	2025-05-31	t	literackie	\N	\N	ongoing
\.


--
-- Data for Name: contest_platform_entry; Type: TABLE DATA; Schema: public; Owner: admin
--

COPY public.contest_platform_entry (id, date_submitted, email, entry_title, entry_file, contest_id, user_id, canceled, favourite) FROM stdin;
2	2024-05-30	user@wp.pl	Urodzinowy kociak	\N	2	3	f	f
1	2024-05-30	admin@wp.pl	Jesienne liscie	\N	1	2	f	t
3	2024-05-30	painter@wp.pl	Grabione listki	\N	1	1	t	f
\.


--
-- Data for Name: contest_platform_entry_contestants; Type: TABLE DATA; Schema: public; Owner: admin
--

COPY public.contest_platform_entry_contestants (id, entry_id, person_id) FROM stdin;
1	1	1
2	2	2
3	3	3
4	3	4
\.


--
-- Data for Name: contest_platform_grade; Type: TABLE DATA; Schema: public; Owner: admin
--

COPY public.contest_platform_grade (id, value, description, entry_id, criterion_id) FROM stdin;
1	\N		1	1
3	\N		2	3
4	\N		2	4
5	\N		2	5
6	\N		3	1
2	5	oryginalny, niesamowity	1	2
7	4	G	3	2
\.


--
-- Data for Name: contest_platform_gradecriterion; Type: TABLE DATA; Schema: public; Owner: admin
--

COPY public.contest_platform_gradecriterion (id, description, max_rating, contest_id, user_id) FROM stdin;
1	jakość	4	1	1
2	pomysł	5	1	2
3	kolory	2	2	1
4	jakość	3	2	2
5	zgodność z tematem	4	2	2
\.


--
-- Data for Name: contest_platform_person; Type: TABLE DATA; Schema: public; Owner: admin
--

COPY public.contest_platform_person (id, name, surname) FROM stdin;
1	Admin	Adminowski
2	Marek	Zmarek
3	Malary	Perłowski
4	Matty	Cash
\.


--
-- Data for Name: contest_platform_school; Type: TABLE DATA; Schema: public; Owner: admin
--

COPY public.contest_platform_school (id, name, street, building_number, apartment_number, postal_code, city, phone, fax, email, website, audience_status, institution_specifics, director_name) FROM stdin;
\.


--
-- Data for Name: contest_platform_user; Type: TABLE DATA; Schema: public; Owner: admin
--

COPY public.contest_platform_user (id, password, last_login, is_superuser, username, first_name, last_name, email, is_staff, is_active, date_joined, is_jury, is_coordinating_unit, is_newsletter_subscribed) FROM stdin;
1	pbkdf2_sha256$720000$IR9cb3gcyTs33O5SwayMIe$fi5NuRt9iDFVuplx0vipOiC8MMd7wiu90rL1WxawU+4=	\N	f	painter123	Eryk	Makowski	painter@wp.pl	f	t	2024-05-30 19:36:32.459376+02	t	t	f
2	pbkdf2_sha256$720000$I2UB9h3fJkc82O1yOqvXjI$EppfiyCh7P4Hw2Mlfyanag94lMjmmZxLP6gEUPqYWJE=	\N	t	admin			admin@wp.pl	t	t	2024-05-30 20:03:06.31883+02	t	f	f
3	pbkdf2_sha256$720000$PMFhnkg0yXJVe0cRFLt6x9$gmegjruCdLMuoSmfXBQW2T2nS7B0X3vy0r+ZezhXv5k=	\N	f	user123	Marek	Zmarek	user@wp.pl	f	t	2024-05-30 20:15:43.799693+02	f	f	f
\.


--
-- Data for Name: contest_platform_user_groups; Type: TABLE DATA; Schema: public; Owner: admin
--

COPY public.contest_platform_user_groups (id, user_id, group_id) FROM stdin;
\.


--
-- Data for Name: contest_platform_user_user_permissions; Type: TABLE DATA; Schema: public; Owner: admin
--

COPY public.contest_platform_user_user_permissions (id, user_id, permission_id) FROM stdin;
\.


--
-- Data for Name: django_admin_log; Type: TABLE DATA; Schema: public; Owner: admin
--

COPY public.django_admin_log (id, action_time, object_id, object_repr, action_flag, change_message, content_type_id, user_id) FROM stdin;
\.


--
-- Data for Name: django_content_type; Type: TABLE DATA; Schema: public; Owner: admin
--

COPY public.django_content_type (id, app_label, model) FROM stdin;
1	admin	logentry
2	auth	permission
3	auth	group
4	contenttypes	contenttype
5	sessions	session
6	authtoken	token
7	authtoken	tokenproxy
8	django_dramatiq	task
9	contest_platform	address
10	contest_platform	contest
11	contest_platform	person
12	contest_platform	user
13	contest_platform	entry
14	contest_platform	gradecriterion
15	contest_platform	grade
16	contest_platform	school
\.


--
-- Data for Name: django_dramatiq_task; Type: TABLE DATA; Schema: public; Owner: admin
--

COPY public.django_dramatiq_task (id, status, created_at, updated_at, message_data, actor_name, queue_name) FROM stdin;
86f983ab-9126-4227-a3e3-ba7619146f8e	done	2024-05-30 20:13:57.540894+02	2024-05-30 20:14:00.356004+02	\\x7b2271756575655f6e616d65223a2264656661756c74222c226163746f725f6e616d65223a2273656e645f656d61696c5f7461736b222c2261726773223a5b5b5b22506f7477696572647a656e6965207a675c75303134326f737a656e696120707261637920646f206b6f6e6b75727375205c224a657369656e6e61204b6172746b615c22222c22537a616e6f776e792050616e69652f20537a616e6f776e612050616e692c5c6e5c6e202020202020202020202020447a695c75303131396b756a656d79207a6120777a695c75303131396369652075647a69615c7530313432752077206b6f6e6b7572736965205c224a657369656e6e61204b6172746b615c225c6e2020202020202020202020206f7267616e697a6f77616e796d2070727a657a2046756e6461636a5c7530313139205c22426f576172746f5c222e205072616361207a6f7374615c7530313432612070727a796a5c753031313974612069206f637a656b756a65206e61206f63656e5c75303131392e5c6e5c6e2020202020202020202020205a6163685c753031313963616d7920646f20777a695c75303131396369652075647a69615c7530313432752077206e6173745c7530313139706e796368206b6f6e6b7572736163682069205c753031376379637a796d7920706f776f647a656e6961215c6e5c6e2020202020202020202020205a20706f77615c7530313763616e69656d2c5c6e2020202020202020202020205a6573705c75303066335c75303134322046756e6461636a69205c22426f576172746f5c2220222c226b6f6e6b757273792e626f776172746f40676d61696c2e636f6d222c5b2261646d696e4077702e706c225d5d5d5d2c226b7761726773223a7b7d2c226f7074696f6e73223a7b7d2c226d6573736167655f6964223a2238366639383361622d393132362d343232372d613365332d626137363139313436663865222c226d6573736167655f74696d657374616d70223a313731373039323833373439337d	send_email_task	default
b2920486-7948-45ea-93b0-02cfda615d7f	done	2024-05-30 20:16:17.238308+02	2024-05-30 20:16:19.118397+02	\\x7b2271756575655f6e616d65223a2264656661756c74222c226163746f725f6e616d65223a2273656e645f656d61696c5f7461736b222c2261726773223a5b5b5b22506f7477696572647a656e6965207a675c75303134326f737a656e696120707261637920646f206b6f6e6b75727375205c225c753031376279637a656e69612075726f647a696e6f77655c22222c22537a616e6f776e792050616e69652f20537a616e6f776e612050616e692c5c6e5c6e202020202020202020202020447a695c75303131396b756a656d79207a6120777a695c75303131396369652075647a69615c7530313432752077206b6f6e6b7572736965205c225c753031376279637a656e69612075726f647a696e6f77655c225c6e2020202020202020202020206f7267616e697a6f77616e796d2070727a657a2046756e6461636a5c7530313139205c22426f576172746f5c222e205072616361207a6f7374615c7530313432612070727a796a5c753031313974612069206f637a656b756a65206e61206f63656e5c75303131392e5c6e5c6e2020202020202020202020205a6163685c753031313963616d7920646f20777a695c75303131396369652075647a69615c7530313432752077206e6173745c7530313139706e796368206b6f6e6b7572736163682069205c753031376379637a796d7920706f776f647a656e6961215c6e5c6e2020202020202020202020205a20706f77615c7530313763616e69656d2c5c6e2020202020202020202020205a6573705c75303066335c75303134322046756e6461636a69205c22426f576172746f5c2220222c226b6f6e6b757273792e626f776172746f40676d61696c2e636f6d222c5b22757365724077702e706c225d5d5d5d2c226b7761726773223a7b7d2c226f7074696f6e73223a7b7d2c226d6573736167655f6964223a2262323932303438362d373934382d343565612d393362302d303263666461363135643766222c226d6573736167655f74696d657374616d70223a313731373039323937373232347d	send_email_task	default
3913f87a-aa3d-4415-b557-49a007464ca4	done	2024-05-30 20:19:43.794486+02	2024-05-30 20:19:45.855772+02	\\x7b2271756575655f6e616d65223a2264656661756c74222c226163746f725f6e616d65223a2273656e645f656d61696c5f7461736b222c2261726773223a5b5b5b22506f7477696572647a656e6965207a675c75303134326f737a656e696120707261637920646f206b6f6e6b75727375205c224a657369656e6e61204b6172746b615c22222c22537a616e6f776e792050616e69652f20537a616e6f776e612050616e692c5c6e5c6e202020202020202020202020447a695c75303131396b756a656d79207a6120777a695c75303131396369652075647a69615c7530313432752077206b6f6e6b7572736965205c224a657369656e6e61204b6172746b615c225c6e2020202020202020202020206f7267616e697a6f77616e796d2070727a657a2046756e6461636a5c7530313139205c22426f576172746f5c222e205072616361207a6f7374615c7530313432612070727a796a5c753031313974612069206f637a656b756a65206e61206f63656e5c75303131392e5c6e5c6e2020202020202020202020205a6163685c753031313963616d7920646f20777a695c75303131396369652075647a69615c7530313432752077206e6173745c7530313139706e796368206b6f6e6b7572736163682069205c753031376379637a796d7920706f776f647a656e6961215c6e5c6e2020202020202020202020205a20706f77615c7530313763616e69656d2c5c6e2020202020202020202020205a6573705c75303066335c75303134322046756e6461636a69205c22426f576172746f5c2220222c226b6f6e6b757273792e626f776172746f40676d61696c2e636f6d222c5b227061696e7465724077702e706c225d5d5d5d2c226b7761726773223a7b7d2c226f7074696f6e73223a7b7d2c226d6573736167655f6964223a2233393133663837612d616133642d343431352d623535372d343961303037343634636134222c226d6573736167655f74696d657374616d70223a313731373039333138333737327d	send_email_task	default
\.


--
-- Data for Name: django_migrations; Type: TABLE DATA; Schema: public; Owner: admin
--

COPY public.django_migrations (id, app, name, applied) FROM stdin;
1	contenttypes	0001_initial	2024-05-30 19:01:58.919401+02
2	contenttypes	0002_remove_content_type_name	2024-05-30 19:01:58.932768+02
3	auth	0001_initial	2024-05-30 19:01:59.029538+02
4	auth	0002_alter_permission_name_max_length	2024-05-30 19:01:59.039149+02
5	auth	0003_alter_user_email_max_length	2024-05-30 19:01:59.051108+02
6	auth	0004_alter_user_username_opts	2024-05-30 19:01:59.062586+02
7	auth	0005_alter_user_last_login_null	2024-05-30 19:01:59.072652+02
8	auth	0006_require_contenttypes_0002	2024-05-30 19:01:59.078333+02
9	auth	0007_alter_validators_add_error_messages	2024-05-30 19:01:59.089037+02
10	auth	0008_alter_user_username_max_length	2024-05-30 19:01:59.099691+02
11	auth	0009_alter_user_last_name_max_length	2024-05-30 19:01:59.109228+02
12	auth	0010_alter_group_name_max_length	2024-05-30 19:01:59.121732+02
13	auth	0011_update_proxy_permissions	2024-05-30 19:01:59.132784+02
14	auth	0012_alter_user_first_name_max_length	2024-05-30 19:01:59.144177+02
15	contest_platform	0001_initial	2024-05-30 19:01:59.497827+02
16	admin	0001_initial	2024-05-30 19:01:59.544829+02
17	admin	0002_logentry_remove_auto_add	2024-05-30 19:01:59.557864+02
18	admin	0003_logentry_add_action_flag_choices	2024-05-30 19:01:59.570284+02
19	authtoken	0001_initial	2024-05-30 19:01:59.611596+02
20	authtoken	0002_auto_20160226_1747	2024-05-30 19:01:59.65397+02
21	authtoken	0003_tokenproxy	2024-05-30 19:01:59.661305+02
22	authtoken	0004_alter_tokenproxy_options	2024-05-30 19:01:59.670736+02
23	contest_platform	0002_contest_status_entry_canceled_entry_favourite_and_more	2024-05-30 19:01:59.799614+02
24	django_dramatiq	0001_initial	2024-05-30 19:01:59.820279+02
25	django_dramatiq	0002_auto_20191104_1354	2024-05-30 19:01:59.842554+02
26	django_dramatiq	0003_auto_20200204_0842	2024-05-30 19:01:59.850544+02
27	sessions	0001_initial	2024-05-30 19:01:59.886296+02
\.


--
-- Data for Name: django_session; Type: TABLE DATA; Schema: public; Owner: admin
--

COPY public.django_session (session_key, session_data, expire_date) FROM stdin;
\.


--
-- Name: auth_group_id_seq; Type: SEQUENCE SET; Schema: public; Owner: admin
--

SELECT pg_catalog.setval('public.auth_group_id_seq', 1, false);


--
-- Name: auth_group_permissions_id_seq; Type: SEQUENCE SET; Schema: public; Owner: admin
--

SELECT pg_catalog.setval('public.auth_group_permissions_id_seq', 1, false);


--
-- Name: auth_permission_id_seq; Type: SEQUENCE SET; Schema: public; Owner: admin
--

SELECT pg_catalog.setval('public.auth_permission_id_seq', 64, true);


--
-- Name: contest_platform_address_id_seq; Type: SEQUENCE SET; Schema: public; Owner: admin
--

SELECT pg_catalog.setval('public.contest_platform_address_id_seq', 1, false);


--
-- Name: contest_platform_contest_id_seq; Type: SEQUENCE SET; Schema: public; Owner: admin
--

SELECT pg_catalog.setval('public.contest_platform_contest_id_seq', 2, true);


--
-- Name: contest_platform_entry_contestants_id_seq; Type: SEQUENCE SET; Schema: public; Owner: admin
--

SELECT pg_catalog.setval('public.contest_platform_entry_contestants_id_seq', 4, true);


--
-- Name: contest_platform_entry_id_seq; Type: SEQUENCE SET; Schema: public; Owner: admin
--

SELECT pg_catalog.setval('public.contest_platform_entry_id_seq', 3, true);


--
-- Name: contest_platform_grade_id_seq; Type: SEQUENCE SET; Schema: public; Owner: admin
--

SELECT pg_catalog.setval('public.contest_platform_grade_id_seq', 7, true);


--
-- Name: contest_platform_gradecriterion_id_seq; Type: SEQUENCE SET; Schema: public; Owner: admin
--

SELECT pg_catalog.setval('public.contest_platform_gradecriterion_id_seq', 5, true);


--
-- Name: contest_platform_person_id_seq; Type: SEQUENCE SET; Schema: public; Owner: admin
--

SELECT pg_catalog.setval('public.contest_platform_person_id_seq', 4, true);


--
-- Name: contest_platform_school_id_seq; Type: SEQUENCE SET; Schema: public; Owner: admin
--

SELECT pg_catalog.setval('public.contest_platform_school_id_seq', 1, false);


--
-- Name: contest_platform_user_groups_id_seq; Type: SEQUENCE SET; Schema: public; Owner: admin
--

SELECT pg_catalog.setval('public.contest_platform_user_groups_id_seq', 1, false);


--
-- Name: contest_platform_user_id_seq; Type: SEQUENCE SET; Schema: public; Owner: admin
--

SELECT pg_catalog.setval('public.contest_platform_user_id_seq', 3, true);


--
-- Name: contest_platform_user_user_permissions_id_seq; Type: SEQUENCE SET; Schema: public; Owner: admin
--

SELECT pg_catalog.setval('public.contest_platform_user_user_permissions_id_seq', 1, false);


--
-- Name: django_admin_log_id_seq; Type: SEQUENCE SET; Schema: public; Owner: admin
--

SELECT pg_catalog.setval('public.django_admin_log_id_seq', 1, false);


--
-- Name: django_content_type_id_seq; Type: SEQUENCE SET; Schema: public; Owner: admin
--

SELECT pg_catalog.setval('public.django_content_type_id_seq', 16, true);


--
-- Name: django_migrations_id_seq; Type: SEQUENCE SET; Schema: public; Owner: admin
--

SELECT pg_catalog.setval('public.django_migrations_id_seq', 27, true);


--
-- Name: auth_group auth_group_name_key; Type: CONSTRAINT; Schema: public; Owner: admin
--

ALTER TABLE ONLY public.auth_group
    ADD CONSTRAINT auth_group_name_key UNIQUE (name);


--
-- Name: auth_group_permissions auth_group_permissions_group_id_permission_id_0cd325b0_uniq; Type: CONSTRAINT; Schema: public; Owner: admin
--

ALTER TABLE ONLY public.auth_group_permissions
    ADD CONSTRAINT auth_group_permissions_group_id_permission_id_0cd325b0_uniq UNIQUE (group_id, permission_id);


--
-- Name: auth_group_permissions auth_group_permissions_pkey; Type: CONSTRAINT; Schema: public; Owner: admin
--

ALTER TABLE ONLY public.auth_group_permissions
    ADD CONSTRAINT auth_group_permissions_pkey PRIMARY KEY (id);


--
-- Name: auth_group auth_group_pkey; Type: CONSTRAINT; Schema: public; Owner: admin
--

ALTER TABLE ONLY public.auth_group
    ADD CONSTRAINT auth_group_pkey PRIMARY KEY (id);


--
-- Name: auth_permission auth_permission_content_type_id_codename_01ab375a_uniq; Type: CONSTRAINT; Schema: public; Owner: admin
--

ALTER TABLE ONLY public.auth_permission
    ADD CONSTRAINT auth_permission_content_type_id_codename_01ab375a_uniq UNIQUE (content_type_id, codename);


--
-- Name: auth_permission auth_permission_pkey; Type: CONSTRAINT; Schema: public; Owner: admin
--

ALTER TABLE ONLY public.auth_permission
    ADD CONSTRAINT auth_permission_pkey PRIMARY KEY (id);


--
-- Name: authtoken_token authtoken_token_pkey; Type: CONSTRAINT; Schema: public; Owner: admin
--

ALTER TABLE ONLY public.authtoken_token
    ADD CONSTRAINT authtoken_token_pkey PRIMARY KEY (key);


--
-- Name: authtoken_token authtoken_token_user_id_key; Type: CONSTRAINT; Schema: public; Owner: admin
--

ALTER TABLE ONLY public.authtoken_token
    ADD CONSTRAINT authtoken_token_user_id_key UNIQUE (user_id);


--
-- Name: contest_platform_address contest_platform_address_pkey; Type: CONSTRAINT; Schema: public; Owner: admin
--

ALTER TABLE ONLY public.contest_platform_address
    ADD CONSTRAINT contest_platform_address_pkey PRIMARY KEY (id);


--
-- Name: contest_platform_contest contest_platform_contest_pkey; Type: CONSTRAINT; Schema: public; Owner: admin
--

ALTER TABLE ONLY public.contest_platform_contest
    ADD CONSTRAINT contest_platform_contest_pkey PRIMARY KEY (id);


--
-- Name: contest_platform_entry_contestants contest_platform_entry_c_entry_id_person_id_03595c62_uniq; Type: CONSTRAINT; Schema: public; Owner: admin
--

ALTER TABLE ONLY public.contest_platform_entry_contestants
    ADD CONSTRAINT contest_platform_entry_c_entry_id_person_id_03595c62_uniq UNIQUE (entry_id, person_id);


--
-- Name: contest_platform_entry_contestants contest_platform_entry_contestants_pkey; Type: CONSTRAINT; Schema: public; Owner: admin
--

ALTER TABLE ONLY public.contest_platform_entry_contestants
    ADD CONSTRAINT contest_platform_entry_contestants_pkey PRIMARY KEY (id);


--
-- Name: contest_platform_entry contest_platform_entry_pkey; Type: CONSTRAINT; Schema: public; Owner: admin
--

ALTER TABLE ONLY public.contest_platform_entry
    ADD CONSTRAINT contest_platform_entry_pkey PRIMARY KEY (id);


--
-- Name: contest_platform_grade contest_platform_grade_pkey; Type: CONSTRAINT; Schema: public; Owner: admin
--

ALTER TABLE ONLY public.contest_platform_grade
    ADD CONSTRAINT contest_platform_grade_pkey PRIMARY KEY (id);


--
-- Name: contest_platform_gradecriterion contest_platform_gradecriterion_pkey; Type: CONSTRAINT; Schema: public; Owner: admin
--

ALTER TABLE ONLY public.contest_platform_gradecriterion
    ADD CONSTRAINT contest_platform_gradecriterion_pkey PRIMARY KEY (id);


--
-- Name: contest_platform_person contest_platform_person_pkey; Type: CONSTRAINT; Schema: public; Owner: admin
--

ALTER TABLE ONLY public.contest_platform_person
    ADD CONSTRAINT contest_platform_person_pkey PRIMARY KEY (id);


--
-- Name: contest_platform_school contest_platform_school_name_street_building_num_da99796a_uniq; Type: CONSTRAINT; Schema: public; Owner: admin
--

ALTER TABLE ONLY public.contest_platform_school
    ADD CONSTRAINT contest_platform_school_name_street_building_num_da99796a_uniq UNIQUE (name, street, building_number);


--
-- Name: contest_platform_school contest_platform_school_pkey; Type: CONSTRAINT; Schema: public; Owner: admin
--

ALTER TABLE ONLY public.contest_platform_school
    ADD CONSTRAINT contest_platform_school_pkey PRIMARY KEY (id);


--
-- Name: contest_platform_user contest_platform_user_email_0f00b1e1_uniq; Type: CONSTRAINT; Schema: public; Owner: admin
--

ALTER TABLE ONLY public.contest_platform_user
    ADD CONSTRAINT contest_platform_user_email_0f00b1e1_uniq UNIQUE (email);


--
-- Name: contest_platform_user_groups contest_platform_user_groups_pkey; Type: CONSTRAINT; Schema: public; Owner: admin
--

ALTER TABLE ONLY public.contest_platform_user_groups
    ADD CONSTRAINT contest_platform_user_groups_pkey PRIMARY KEY (id);


--
-- Name: contest_platform_user_groups contest_platform_user_groups_user_id_group_id_24d89524_uniq; Type: CONSTRAINT; Schema: public; Owner: admin
--

ALTER TABLE ONLY public.contest_platform_user_groups
    ADD CONSTRAINT contest_platform_user_groups_user_id_group_id_24d89524_uniq UNIQUE (user_id, group_id);


--
-- Name: contest_platform_user contest_platform_user_pkey; Type: CONSTRAINT; Schema: public; Owner: admin
--

ALTER TABLE ONLY public.contest_platform_user
    ADD CONSTRAINT contest_platform_user_pkey PRIMARY KEY (id);


--
-- Name: contest_platform_user_user_permissions contest_platform_user_us_user_id_permission_id_7e3e97d0_uniq; Type: CONSTRAINT; Schema: public; Owner: admin
--

ALTER TABLE ONLY public.contest_platform_user_user_permissions
    ADD CONSTRAINT contest_platform_user_us_user_id_permission_id_7e3e97d0_uniq UNIQUE (user_id, permission_id);


--
-- Name: contest_platform_user_user_permissions contest_platform_user_user_permissions_pkey; Type: CONSTRAINT; Schema: public; Owner: admin
--

ALTER TABLE ONLY public.contest_platform_user_user_permissions
    ADD CONSTRAINT contest_platform_user_user_permissions_pkey PRIMARY KEY (id);


--
-- Name: contest_platform_user contest_platform_user_username_key; Type: CONSTRAINT; Schema: public; Owner: admin
--

ALTER TABLE ONLY public.contest_platform_user
    ADD CONSTRAINT contest_platform_user_username_key UNIQUE (username);


--
-- Name: django_admin_log django_admin_log_pkey; Type: CONSTRAINT; Schema: public; Owner: admin
--

ALTER TABLE ONLY public.django_admin_log
    ADD CONSTRAINT django_admin_log_pkey PRIMARY KEY (id);


--
-- Name: django_content_type django_content_type_app_label_model_76bd3d3b_uniq; Type: CONSTRAINT; Schema: public; Owner: admin
--

ALTER TABLE ONLY public.django_content_type
    ADD CONSTRAINT django_content_type_app_label_model_76bd3d3b_uniq UNIQUE (app_label, model);


--
-- Name: django_content_type django_content_type_pkey; Type: CONSTRAINT; Schema: public; Owner: admin
--

ALTER TABLE ONLY public.django_content_type
    ADD CONSTRAINT django_content_type_pkey PRIMARY KEY (id);


--
-- Name: django_dramatiq_task django_dramatiq_task_pkey; Type: CONSTRAINT; Schema: public; Owner: admin
--

ALTER TABLE ONLY public.django_dramatiq_task
    ADD CONSTRAINT django_dramatiq_task_pkey PRIMARY KEY (id);


--
-- Name: django_migrations django_migrations_pkey; Type: CONSTRAINT; Schema: public; Owner: admin
--

ALTER TABLE ONLY public.django_migrations
    ADD CONSTRAINT django_migrations_pkey PRIMARY KEY (id);


--
-- Name: django_session django_session_pkey; Type: CONSTRAINT; Schema: public; Owner: admin
--

ALTER TABLE ONLY public.django_session
    ADD CONSTRAINT django_session_pkey PRIMARY KEY (session_key);


--
-- Name: auth_group_name_a6ea08ec_like; Type: INDEX; Schema: public; Owner: admin
--

CREATE INDEX auth_group_name_a6ea08ec_like ON public.auth_group USING btree (name varchar_pattern_ops);


--
-- Name: auth_group_permissions_group_id_b120cbf9; Type: INDEX; Schema: public; Owner: admin
--

CREATE INDEX auth_group_permissions_group_id_b120cbf9 ON public.auth_group_permissions USING btree (group_id);


--
-- Name: auth_group_permissions_permission_id_84c5c92e; Type: INDEX; Schema: public; Owner: admin
--

CREATE INDEX auth_group_permissions_permission_id_84c5c92e ON public.auth_group_permissions USING btree (permission_id);


--
-- Name: auth_permission_content_type_id_2f476e4b; Type: INDEX; Schema: public; Owner: admin
--

CREATE INDEX auth_permission_content_type_id_2f476e4b ON public.auth_permission USING btree (content_type_id);


--
-- Name: authtoken_token_key_10f0b77e_like; Type: INDEX; Schema: public; Owner: admin
--

CREATE INDEX authtoken_token_key_10f0b77e_like ON public.authtoken_token USING btree (key varchar_pattern_ops);


--
-- Name: contest_platform_entry_contest_id_76e31043; Type: INDEX; Schema: public; Owner: admin
--

CREATE INDEX contest_platform_entry_contest_id_76e31043 ON public.contest_platform_entry USING btree (contest_id);


--
-- Name: contest_platform_entry_contestants_entry_id_35bbeb94; Type: INDEX; Schema: public; Owner: admin
--

CREATE INDEX contest_platform_entry_contestants_entry_id_35bbeb94 ON public.contest_platform_entry_contestants USING btree (entry_id);


--
-- Name: contest_platform_entry_contestants_person_id_919ab4b1; Type: INDEX; Schema: public; Owner: admin
--

CREATE INDEX contest_platform_entry_contestants_person_id_919ab4b1 ON public.contest_platform_entry_contestants USING btree (person_id);


--
-- Name: contest_platform_entry_user_id_db182488; Type: INDEX; Schema: public; Owner: admin
--

CREATE INDEX contest_platform_entry_user_id_db182488 ON public.contest_platform_entry USING btree (user_id);


--
-- Name: contest_platform_grade_criterion_id_b1cae2fb; Type: INDEX; Schema: public; Owner: admin
--

CREATE INDEX contest_platform_grade_criterion_id_b1cae2fb ON public.contest_platform_grade USING btree (criterion_id);


--
-- Name: contest_platform_grade_entry_id_b46fd1da; Type: INDEX; Schema: public; Owner: admin
--

CREATE INDEX contest_platform_grade_entry_id_b46fd1da ON public.contest_platform_grade USING btree (entry_id);


--
-- Name: contest_platform_gradecriterion_contest_id_51b9826c; Type: INDEX; Schema: public; Owner: admin
--

CREATE INDEX contest_platform_gradecriterion_contest_id_51b9826c ON public.contest_platform_gradecriterion USING btree (contest_id);


--
-- Name: contest_platform_gradecriterion_user_id_461f73b7; Type: INDEX; Schema: public; Owner: admin
--

CREATE INDEX contest_platform_gradecriterion_user_id_461f73b7 ON public.contest_platform_gradecriterion USING btree (user_id);


--
-- Name: contest_platform_user_email_0f00b1e1_like; Type: INDEX; Schema: public; Owner: admin
--

CREATE INDEX contest_platform_user_email_0f00b1e1_like ON public.contest_platform_user USING btree (email varchar_pattern_ops);


--
-- Name: contest_platform_user_groups_group_id_239f4df3; Type: INDEX; Schema: public; Owner: admin
--

CREATE INDEX contest_platform_user_groups_group_id_239f4df3 ON public.contest_platform_user_groups USING btree (group_id);


--
-- Name: contest_platform_user_groups_user_id_f1ace8db; Type: INDEX; Schema: public; Owner: admin
--

CREATE INDEX contest_platform_user_groups_user_id_f1ace8db ON public.contest_platform_user_groups USING btree (user_id);


--
-- Name: contest_platform_user_user_permissions_permission_id_fce7a593; Type: INDEX; Schema: public; Owner: admin
--

CREATE INDEX contest_platform_user_user_permissions_permission_id_fce7a593 ON public.contest_platform_user_user_permissions USING btree (permission_id);


--
-- Name: contest_platform_user_user_permissions_user_id_92378458; Type: INDEX; Schema: public; Owner: admin
--

CREATE INDEX contest_platform_user_user_permissions_user_id_92378458 ON public.contest_platform_user_user_permissions USING btree (user_id);


--
-- Name: contest_platform_user_username_941e4626_like; Type: INDEX; Schema: public; Owner: admin
--

CREATE INDEX contest_platform_user_username_941e4626_like ON public.contest_platform_user USING btree (username varchar_pattern_ops);


--
-- Name: django_admin_log_content_type_id_c4bce8eb; Type: INDEX; Schema: public; Owner: admin
--

CREATE INDEX django_admin_log_content_type_id_c4bce8eb ON public.django_admin_log USING btree (content_type_id);


--
-- Name: django_admin_log_user_id_c564eba6; Type: INDEX; Schema: public; Owner: admin
--

CREATE INDEX django_admin_log_user_id_c564eba6 ON public.django_admin_log USING btree (user_id);


--
-- Name: django_dramatiq_task_updated_at_bb623596; Type: INDEX; Schema: public; Owner: admin
--

CREATE INDEX django_dramatiq_task_updated_at_bb623596 ON public.django_dramatiq_task USING btree (updated_at);


--
-- Name: django_session_expire_date_a5c62663; Type: INDEX; Schema: public; Owner: admin
--

CREATE INDEX django_session_expire_date_a5c62663 ON public.django_session USING btree (expire_date);


--
-- Name: django_session_session_key_c0390e0f_like; Type: INDEX; Schema: public; Owner: admin
--

CREATE INDEX django_session_session_key_c0390e0f_like ON public.django_session USING btree (session_key varchar_pattern_ops);


--
-- Name: auth_group_permissions auth_group_permissio_permission_id_84c5c92e_fk_auth_perm; Type: FK CONSTRAINT; Schema: public; Owner: admin
--

ALTER TABLE ONLY public.auth_group_permissions
    ADD CONSTRAINT auth_group_permissio_permission_id_84c5c92e_fk_auth_perm FOREIGN KEY (permission_id) REFERENCES public.auth_permission(id) DEFERRABLE INITIALLY DEFERRED;


--
-- Name: auth_group_permissions auth_group_permissions_group_id_b120cbf9_fk_auth_group_id; Type: FK CONSTRAINT; Schema: public; Owner: admin
--

ALTER TABLE ONLY public.auth_group_permissions
    ADD CONSTRAINT auth_group_permissions_group_id_b120cbf9_fk_auth_group_id FOREIGN KEY (group_id) REFERENCES public.auth_group(id) DEFERRABLE INITIALLY DEFERRED;


--
-- Name: auth_permission auth_permission_content_type_id_2f476e4b_fk_django_co; Type: FK CONSTRAINT; Schema: public; Owner: admin
--

ALTER TABLE ONLY public.auth_permission
    ADD CONSTRAINT auth_permission_content_type_id_2f476e4b_fk_django_co FOREIGN KEY (content_type_id) REFERENCES public.django_content_type(id) DEFERRABLE INITIALLY DEFERRED;


--
-- Name: authtoken_token authtoken_token_user_id_35299eff_fk_contest_platform_user_id; Type: FK CONSTRAINT; Schema: public; Owner: admin
--

ALTER TABLE ONLY public.authtoken_token
    ADD CONSTRAINT authtoken_token_user_id_35299eff_fk_contest_platform_user_id FOREIGN KEY (user_id) REFERENCES public.contest_platform_user(id) DEFERRABLE INITIALLY DEFERRED;


--
-- Name: contest_platform_entry contest_platform_ent_contest_id_76e31043_fk_contest_p; Type: FK CONSTRAINT; Schema: public; Owner: admin
--

ALTER TABLE ONLY public.contest_platform_entry
    ADD CONSTRAINT contest_platform_ent_contest_id_76e31043_fk_contest_p FOREIGN KEY (contest_id) REFERENCES public.contest_platform_contest(id) DEFERRABLE INITIALLY DEFERRED;


--
-- Name: contest_platform_entry_contestants contest_platform_ent_entry_id_35bbeb94_fk_contest_p; Type: FK CONSTRAINT; Schema: public; Owner: admin
--

ALTER TABLE ONLY public.contest_platform_entry_contestants
    ADD CONSTRAINT contest_platform_ent_entry_id_35bbeb94_fk_contest_p FOREIGN KEY (entry_id) REFERENCES public.contest_platform_entry(id) DEFERRABLE INITIALLY DEFERRED;


--
-- Name: contest_platform_entry_contestants contest_platform_ent_person_id_919ab4b1_fk_contest_p; Type: FK CONSTRAINT; Schema: public; Owner: admin
--

ALTER TABLE ONLY public.contest_platform_entry_contestants
    ADD CONSTRAINT contest_platform_ent_person_id_919ab4b1_fk_contest_p FOREIGN KEY (person_id) REFERENCES public.contest_platform_person(id) DEFERRABLE INITIALLY DEFERRED;


--
-- Name: contest_platform_entry contest_platform_ent_user_id_db182488_fk_contest_p; Type: FK CONSTRAINT; Schema: public; Owner: admin
--

ALTER TABLE ONLY public.contest_platform_entry
    ADD CONSTRAINT contest_platform_ent_user_id_db182488_fk_contest_p FOREIGN KEY (user_id) REFERENCES public.contest_platform_user(id) DEFERRABLE INITIALLY DEFERRED;


--
-- Name: contest_platform_gradecriterion contest_platform_gra_contest_id_51b9826c_fk_contest_p; Type: FK CONSTRAINT; Schema: public; Owner: admin
--

ALTER TABLE ONLY public.contest_platform_gradecriterion
    ADD CONSTRAINT contest_platform_gra_contest_id_51b9826c_fk_contest_p FOREIGN KEY (contest_id) REFERENCES public.contest_platform_contest(id) DEFERRABLE INITIALLY DEFERRED;


--
-- Name: contest_platform_grade contest_platform_gra_criterion_id_b1cae2fb_fk_contest_p; Type: FK CONSTRAINT; Schema: public; Owner: admin
--

ALTER TABLE ONLY public.contest_platform_grade
    ADD CONSTRAINT contest_platform_gra_criterion_id_b1cae2fb_fk_contest_p FOREIGN KEY (criterion_id) REFERENCES public.contest_platform_gradecriterion(id) DEFERRABLE INITIALLY DEFERRED;


--
-- Name: contest_platform_grade contest_platform_gra_entry_id_b46fd1da_fk_contest_p; Type: FK CONSTRAINT; Schema: public; Owner: admin
--

ALTER TABLE ONLY public.contest_platform_grade
    ADD CONSTRAINT contest_platform_gra_entry_id_b46fd1da_fk_contest_p FOREIGN KEY (entry_id) REFERENCES public.contest_platform_entry(id) DEFERRABLE INITIALLY DEFERRED;


--
-- Name: contest_platform_gradecriterion contest_platform_gra_user_id_461f73b7_fk_contest_p; Type: FK CONSTRAINT; Schema: public; Owner: admin
--

ALTER TABLE ONLY public.contest_platform_gradecriterion
    ADD CONSTRAINT contest_platform_gra_user_id_461f73b7_fk_contest_p FOREIGN KEY (user_id) REFERENCES public.contest_platform_user(id) DEFERRABLE INITIALLY DEFERRED;


--
-- Name: contest_platform_user_user_permissions contest_platform_use_permission_id_fce7a593_fk_auth_perm; Type: FK CONSTRAINT; Schema: public; Owner: admin
--

ALTER TABLE ONLY public.contest_platform_user_user_permissions
    ADD CONSTRAINT contest_platform_use_permission_id_fce7a593_fk_auth_perm FOREIGN KEY (permission_id) REFERENCES public.auth_permission(id) DEFERRABLE INITIALLY DEFERRED;


--
-- Name: contest_platform_user_user_permissions contest_platform_use_user_id_92378458_fk_contest_p; Type: FK CONSTRAINT; Schema: public; Owner: admin
--

ALTER TABLE ONLY public.contest_platform_user_user_permissions
    ADD CONSTRAINT contest_platform_use_user_id_92378458_fk_contest_p FOREIGN KEY (user_id) REFERENCES public.contest_platform_user(id) DEFERRABLE INITIALLY DEFERRED;


--
-- Name: contest_platform_user_groups contest_platform_use_user_id_f1ace8db_fk_contest_p; Type: FK CONSTRAINT; Schema: public; Owner: admin
--

ALTER TABLE ONLY public.contest_platform_user_groups
    ADD CONSTRAINT contest_platform_use_user_id_f1ace8db_fk_contest_p FOREIGN KEY (user_id) REFERENCES public.contest_platform_user(id) DEFERRABLE INITIALLY DEFERRED;


--
-- Name: contest_platform_user_groups contest_platform_user_groups_group_id_239f4df3_fk_auth_group_id; Type: FK CONSTRAINT; Schema: public; Owner: admin
--

ALTER TABLE ONLY public.contest_platform_user_groups
    ADD CONSTRAINT contest_platform_user_groups_group_id_239f4df3_fk_auth_group_id FOREIGN KEY (group_id) REFERENCES public.auth_group(id) DEFERRABLE INITIALLY DEFERRED;


--
-- Name: django_admin_log django_admin_log_content_type_id_c4bce8eb_fk_django_co; Type: FK CONSTRAINT; Schema: public; Owner: admin
--

ALTER TABLE ONLY public.django_admin_log
    ADD CONSTRAINT django_admin_log_content_type_id_c4bce8eb_fk_django_co FOREIGN KEY (content_type_id) REFERENCES public.django_content_type(id) DEFERRABLE INITIALLY DEFERRED;


--
-- Name: django_admin_log django_admin_log_user_id_c564eba6_fk_contest_platform_user_id; Type: FK CONSTRAINT; Schema: public; Owner: admin
--

ALTER TABLE ONLY public.django_admin_log
    ADD CONSTRAINT django_admin_log_user_id_c564eba6_fk_contest_platform_user_id FOREIGN KEY (user_id) REFERENCES public.contest_platform_user(id) DEFERRABLE INITIALLY DEFERRED;


--
-- PostgreSQL database dump complete
--

